{"cameraMode":{"drawMode":0,"name":"Shaded","section":"Shading Mode"},"sceneLighting":true,"audioPlay":false,"sceneViewState":{"m_AlwaysRefresh":false,"showFog":true,"showSkybox":true,"showFlares":true,"showImageEffects":true,"showParticleSystems":true,"showVisualEffectGraphs":true,"m_FxEnabled":true},"in2DMode":false,"pivot":{"x":-21.429330825805665,"y":0.5693734884262085,"z":26.330974578857423},"rotation":{"x":0.09705556184053421,"y":-0.6096439957618713,"z":0.0755569264292717,"w":0.7830836176872253},"size":32.66200256347656,"orthographic":false}