{"cameraMode":{"drawMode":0,"name":"Shaded","section":"Shading Mode"},"sceneLighting":true,"audioPlay":false,"sceneViewState":{"m_AlwaysRefresh":false,"showFog":true,"showSkybox":true,"showFlares":true,"showImageEffects":true,"showParticleSystems":true,"showVisualEffectGraphs":true,"m_FxEnabled":true},"in2DMode":false,"pivot":{"x":30.21942901611328,"y":4.483577728271484,"z":33.330543518066409},"rotation":{"x":0.26208436489105227,"y":-0.24977637827396394,"z":0.07041656970977783,"w":0.9295533299446106},"size":10.416635513305664,"orthographic":true}