{"cameraMode":{"drawMode":0,"name":"Shaded","section":"Shading Mode"},"sceneLighting":true,"audioPlay":false,"sceneViewState":{"m_AlwaysRefresh":false,"showFog":true,"showSkybox":true,"showFlares":true,"showImageEffects":true,"showParticleSystems":true,"showVisualEffectGraphs":true,"m_FxEnabled":true},"in2DMode":false,"pivot":{"x":29.102989196777345,"y":3.373599052429199,"z":28.066566467285158},"rotation":{"x":0.2797963321208954,"y":-0.21653056144714356,"z":0.06492152810096741,"w":0.9331485629081726},"size":11.885379791259766,"orthographic":true}