{"cameraMode":{"drawMode":0,"name":"Shaded","section":"Shading Mode"},"sceneLighting":true,"audioPlay":false,"sceneViewState":{"m_AlwaysRefresh":false,"showFog":true,"showSkybox":true,"showFlares":true,"showImageEffects":true,"showParticleSystems":true,"showVisualEffectGraphs":true,"m_FxEnabled":true},"in2DMode":false,"pivot":{"x":22.409870147705079,"y":-1.8129997253417969,"z":7.72186279296875},"rotation":{"x":-0.040812451392412189,"y":0.9413830041885376,"z":-0.31175273656845095,"w":-0.12291925400495529},"size":19.252656936645509,"orthographic":true}